firstname,email
suya,pranwi@keziah.集团
tiffanyamber,teresita francisca@shalkowski.سورية
traisa,colleta@gascon.af
tylilah,kyleemarie@wild.life
rasikala,charlisse@kilgariff.測試
sada-mahder,avonia@kluthe.active
leonica,dallas-louise@janikowski.cartier
laélia,mrikë@amicone.autos
jarosaw,saffarron@solko.futbol
mutaru,shehnila@ellenson.coach
tysaiah,ninny@basarab.adult
zakarias,imnet@tanana.ren
adela ernestina,erzsébet@hegyi.dnp
vaciliki,darijana@dresbach.gle
triandos,nieves quimey@spaans.codes
alamaiya,iley@ladson.fr
anamaria-denisa,gatine@protzman.ایران
corianda,gnaeus@crivaro.vermögensberater
tanushri,zuma@gefen.party
coupar,famory@tolston.hermes
